state_code,county_code,site_number,parameter_code,poc,latitude,longitude,datum,parameter,sample_duration_code,sample_duration,pollutant_standard,metric_used,method,year,units_of_measure,event_type,observation_count,observation_percent,validity_indicator,valid_day_count,required_day_count,exceptional_data_count,null_observation_count,primary_exceedance_count,secondary_exceedance_count,certification_indicator,arithmetic_mean,standard_deviation,first_max_value,first_max_datetime,second_max_value,second_max_datetime,third_max_value,third_max_datetime,fourth_max_value,fourth_max_datetime,first_max_nonoverlap_value,first_max_n_o_datetime,second_max_nonoverlap_value,second_max_n_o_datetime,ninety_ninth_percentile,ninety_eighth_percentile,ninety_fifth_percentile,ninetieth_percentile,seventy_fifth_percentile,fiftieth_percentile,tenth_percentile,local_site_name,site_address,state,county,city,cbsa_code,cbsa,date_of_last_change
48,029,0032,44201,2,29.51509,-98.620166,WGS84,Ozone,W,8-HR RUN AVG BEGIN HOUR,Ozone 8-hour 2015,Daily maximum of 8-hour running average,,2002,Parts per million,No Events,6184,100.0,Y,244,245,0,0,32,32,Certified,0.050242,0.019202,0.111,2002-09-12 11:00,0.11,2002-06-24 11:00,0.107,2002-06-17 11:00,0.104,2002-06-18 09:00,,,,,0.107,0.1,0.087,0.076,0.061,0.048,0.04,San Antonio Northwest,6655 Bluebird Lane,Texas,Bexar,Leon Valley,41700,"San Antonio-New Braunfels, TX",2022-01-20
48,029,0052,44201,1,29.632058,-98.564936,WGS84,Ozone,W,8-HR RUN AVG BEGIN HOUR,Ozone 8-hour 2015,Daily maximum of 8-hour running average,,2002,Parts per million,No Events,5828,92.0,Y,226,245,0,0,21,21,Certified,0.046235,0.017934,0.1,2002-06-24 11:00,0.097,2002-09-13 10:00,0.096,2002-06-23 10:00,0.095,2002-06-18 09:00,,,,,0.096,0.091,0.08,0.07,0.057,0.046,0.037,Camp Bullis,F Range (1000Yd marker off Wilderness Trail),Texas,Bexar,San Antonio,41700,"San Antonio-New Braunfels, TX",2022-01-20
48,029,0059,44201,1,29.275381,-98.311692,WGS84,Ozone,W,8-HR RUN AVG BEGIN HOUR,Ozone 8-hour 2015,Daily maximum of 8-hour running average,,2002,Parts per million,No Events,6106,98.0,Y,256,260,0,0,17,17,Certified,0.044043,0.015975,0.09,2002-09-13 10:00,0.086,2002-09-12 10:00,0.082,2002-06-18 12:00,0.081,2002-06-17 11:00,,,,,0.082,0.078,0.073,0.067,0.055,0.045,0.035,Calaveras Lake,14620 Laguna Rd,Texas,Bexar,San Antonio,41700,"San Antonio-New Braunfels, TX",2022-01-20
48,061,0006,44201,1,25.892518,-97.49383,WGS84,Ozone,W,8-HR RUN AVG BEGIN HOUR,Ozone 8-hour 2015,Daily maximum of 8-hour running average,,2002,Parts per million,No Events,6114,97.0,Y,355,365,0,0,1,1,Certified,0.032831,0.012261,0.082,2002-09-13 11:00,0.067,2002-08-30 10:00,0.067,2002-09-22 08:00,0.065,2002-10-13 10:00,,,,,0.065,0.06,0.053,0.05,0.042,0.031,0.018,Brownsville,344 Porter Drive,Texas,Cameron,Brownsville,15180,"Brownsville-Harlingen, TX",2022-01-20
48,085,0005,44201,1,33.1324,-96.786419,WGS84,Ozone,W,8-HR RUN AVG BEGIN HOUR,Ozone 8-hour 2015,Daily maximum of 8-hour running average,,2002,Parts per million,No Events,5932,99.0,Y,242,245,0,0,27,27,Certified,0.049198,0.016761,0.1,2002-09-13 11:00,0.099,2002-09-14 11:00,0.088,2002-09-27 12:00,0.086,2002-09-28 10:00,,,,,0.088,0.085,0.079,0.071,0.062,0.048,0.036,Frisco,6590 Hillcrest Road,Texas,Collin,Frisco,19100,"Dallas-Fort Worth-Arlington, TX",2022-01-20
48,085,0010,44201,1,33.355833,-96.551111,WGS84,Ozone,W,8-HR RUN AVG BEGIN HOUR,Ozone 8-hour 2015,Daily maximum of 8-hour running average,,2002,Parts per million,No Events,6097,100.0,Y,244,245,0,0,17,17,Certified,0.04627,0.014815,0.09,2002-09-13 10:00,0.088,2002-07-25 11:00,0.086,2002-09-14 11:00,0.078,2002-06-23 09:00,,,,,0.086,0.077,0.072,0.066,0.057,0.047,0.036,ANNA,817 N. TEXAS HIGHWAY 5,Texas,Collin,Not in a city,19100,"Dallas-Fort Worth-Arlington, TX",2022-01-20
48,113,0069,44201,3,32.820061,-96.860117,WGS84,Ozone,W,8-HR RUN AVG BEGIN HOUR,Ozone 8-hour 2015,Daily maximum of 8-hour running average,,2002,Parts per million,No Events,6121,98.0,Y,239,245,0,0,35,35,Certified,0.046682,0.020664,0.118,2002-08-09 11:00,0.11,2002-06-23 10:00,0.095,2002-06-24 10:00,0.091,2002-07-11 11:00,,,,,0.095,0.09,0.084,0.075,0.06,0.044,0.032,Dallas Hinton,1415 Hinton Street,Texas,Dallas,Dallas,19100,"Dallas-Fort Worth-Arlington, TX",2022-01-20
48,113,0075,44201,1,32.919206,-96.808498,WGS84,Ozone,W,8-HR RUN AVG BEGIN HOUR,Ozone 8-hour 2015,Daily maximum of 8-hour running average,,2002,Parts per million,No Events,6112,99.0,Y,242,245,0,0,18,18,Certified,0.044025,0.017519,0.103,2002-08-09 11:00,0.095,2002-06-23 10:00,0.088,2002-09-13 10:00,0.088,2002-09-14 11:00,,,,,0.088,0.083,0.074,0.067,0.057,0.042,0.031,Dallas North #2,12532 1/2 Nuestra Drive,Texas,Dallas,Dallas,19100,"Dallas-Fort Worth-Arlington, TX",2022-01-20
48,113,0087,44201,1,32.676451,-96.87206,WGS84,Ozone,W,8-HR RUN AVG BEGIN HOUR,Ozone 8-hour 2015,Daily maximum of 8-hour running average,Multiple Methods Used,2002,Parts per million,No Events,5686,86.0,Y,210,245,0,0,22,22,Certified,0.044638,0.019061,0.098,2002-08-09 11:00,0.091,2002-06-23 10:00,0.087,2002-08-07 10:00,0.086,2002-06-24 10:00,,,,,0.087,0.084,0.08,0.071,0.058,0.043,0.033,Dallas Redbird Airport Executive,3277 W Redbird Lane,Texas,Dallas,Dallas,19100,"Dallas-Fort Worth-Arlington, TX",2022-01-20
48,113,3003,44201,1,32.769379,-96.546299,WGS84,Ozone,W,8-HR RUN AVG BEGIN HOUR,Ozone 8-hour 2015,Daily maximum of 8-hour running average,,2002,Parts per million,No Events,6161,99.0,Y,242,245,0,0,19,19,Certified,0.046058,0.016315,0.095,2002-06-23 10:00,0.088,2002-09-14 11:00,0.087,2002-08-09 10:00,0.084,2002-06-22 10:00,,,,,0.087,0.081,0.074,0.067,0.058,0.045,0.036,SUNNYVALE LONG CREEK,405 LONG CREEK RD,Texas,Dallas,Not in a city,19100,"Dallas-Fort Worth-Arlington, TX",2022-01-20
48,113,0069,44201,3,32.820061,-96.860117,WGS84,Ozone,W,8-HR RUN AVG BEGIN HOUR,Ozone 8-hour 2015,Daily maximum of 8-hour running average,,2002,Parts per million,No Events,6121,98.0,Y,239,245,0,0,35,35,Certified,0.046682,0.020664,0.118,2002-08-09 11:00,0.11,2002-06-23 10:00,0.095,2002-06-24 10:00,0.091,2002-07-11 11:00,,,,,0.095,0.09,0.084,0.075,0.06,0.044,0.032,Dallas Hinton,1415 Hinton Street,Texas,Dallas,Dallas,19100,"Dallas-Fort Worth-Arlington, TX",2022-01-20
48,113,0075,44201,1,32.919206,-96.808498,WGS84,Ozone,W,8-HR RUN AVG BEGIN HOUR,Ozone 8-hour 2015,Daily maximum of 8-hour running average,,2002,Parts per million,No Events,6112,99.0,Y,242,245,0,0,18,18,Certified,0.044025,0.017519,0.103,2002-08-09 11:00,0.095,2002-06-23 10:00,0.088,2002-09-13 10:00,0.088,2002-09-14 11:00,,,,,0.088,0.083,0.074,0.067,0.057,0.042,0.031,Dallas North #2,12532 1/2 Nuestra Drive,Texas,Dallas,Dallas,19100,"Dallas-Fort Worth-Arlington, TX",2022-01-20
48,113,0087,44201,1,32.676451,-96.87206,WGS84,Ozone,W,8-HR RUN AVG BEGIN HOUR,Ozone 8-hour 2015,Daily maximum of 8-hour running average,Multiple Methods Used,2002,Parts per million,No Events,5686,86.0,Y,210,245,0,0,22,22,Certified,0.044638,0.019061,0.098,2002-08-09 11:00,0.091,2002-06-23 10:00,0.087,2002-08-07 10:00,0.086,2002-06-24 10:00,,,,,0.087,0.084,0.08,0.071,0.058,0.043,0.033,Dallas Redbird Airport Executive,3277 W Redbird Lane,Texas,Dallas,Dallas,19100,"Dallas-Fort Worth-Arlington, TX",2022-01-20
48,113,3003,44201,1,32.769379,-96.546299,WGS84,Ozone,W,8-HR RUN AVG BEGIN HOUR,Ozone 8-hour 2015,Daily maximum of 8-hour running average,,2002,Parts per million,No Events,6161,99.0,Y,242,245,0,0,19,19,Certified,0.046058,0.016315,0.095,2002-06-23 10:00,0.088,2002-09-14 11:00,0.087,2002-08-09 10:00,0.084,2002-06-22 10:00,,,,,0.087,0.081,0.074,0.067,0.058,0.045,0.036,SUNNYVALE LONG CREEK,405 LONG CREEK RD,Texas,Dallas,Not in a city,19100,"Dallas-Fort Worth-Arlington, TX",2022-01-20
48,121,0034,44201,1,33.219069,-97.196284,WGS84,Ozone,W,8-HR RUN AVG BEGIN HOUR,Ozone 8-hour 2015,Daily maximum of 8-hour running average,,2002,Parts per million,No Events,6037,95.0,Y,232,245,0,0,46,46,Certified,0.050578,0.020017,0.114,2002-06-23 12:00,0.112,2002-08-09 12:00,0.106,2002-07-09 10:00,0.102,2002-06-24 11:00,,,,,0.106,0.101,0.086,0.078,0.062,0.049,0.038,Denton Airport South,Denton Airport South,Texas,Denton,Denton,19100,"Dallas-Fort Worth-Arlington, TX",2022-01-20
48,141,0029,44201,1,31.785769,-106.323578,WGS84,Ozone,W,8-HR RUN AVG BEGIN HOUR,Ozone 8-hour 2015,Daily maximum of 8-hour running average,,2002,Parts per million,No Events,6075,96.0,Y,352,365,0,0,8,8,Certified,0.04427,0.013024,0.088,2002-06-29 10:00,0.084,2002-08-03 11:00,0.083,2002-06-12 10:00,0.083,2002-08-23 10:00,,,,,0.083,0.071,0.067,0.061,0.052,0.044,0.028,Ivanhoe,10834 Ivanhoe (Ivanhoe Fire Station),Texas,El Paso,El Paso,21340,"El Paso, TX",2022-01-20
48,141,0037,44201,2,31.768286,-106.501243,NAD83,Ozone,W,8-HR RUN AVG BEGIN HOUR,Ozone 8-hour 2015,Daily maximum of 8-hour running average,,2002,Parts per million,No Events,6173,99.0,Y,361,365,0,0,12,12,Certified,0.043767,0.014039,0.101,2002-09-02 10:00,0.095,2002-06-29 11:00,0.085,2002-08-03 10:00,0.077,2002-06-27 10:00,,,,,0.077,0.073,0.068,0.062,0.053,0.042,0.027,El Paso UTEP,250 Rim Rd,Texas,El Paso,El Paso,21340,"El Paso, TX",2022-01-20
48,141,0044,44201,1,31.765685,-106.455227,WGS84,Ozone,W,8-HR RUN AVG BEGIN HOUR,Ozone 8-hour 2015,Daily maximum of 8-hour running average,,2002,Parts per million,No Events,6129,98.0,Y,357,365,0,0,11,11,Certified,0.044199,0.014851,0.105,2002-06-29 11:00,0.103,2002-08-03 10:00,0.091,2002-06-27 10:00,0.089,2002-09-02 10:00,,,,,0.089,0.075,0.069,0.065,0.053,0.044,0.025,El Paso Chamizal,800 S San Marcial Street,Texas,El Paso,El Paso,21340,"El Paso, TX",2022-01-20
48,141,0055,44201,1,31.746775,-106.402806,WGS84,Ozone,W,8-HR RUN AVG BEGIN HOUR,Ozone 8-hour 2015,Daily maximum of 8-hour running average,,2002,Parts per million,No Events,6198,100.0,Y,364,365,0,0,10,10,Certified,0.041396,0.014661,0.097,2002-06-29 10:00,0.093,2002-08-03 10:00,0.089,2002-06-12 09:00,0.088,2002-06-27 10:00,,,,,0.088,0.075,0.066,0.06,0.051,0.041,0.023,Ascarate Park SE,650 R E Thomason Loop,Texas,El Paso,El Paso,21340,"El Paso, TX",2022-01-20
48,141,0057,44201,1,31.6675,-106.288,WGS84,Ozone,W,8-HR RUN AVG BEGIN HOUR,Ozone 8-hour 2015,Daily maximum of 8-hour running average,,2002,Parts per million,No Events,6174,99.0,Y,360,365,0,0,10,10,Certified,0.044933,0.01143,0.088,2002-06-12 11:00,0.081,2002-06-11 11:00,0.08,2002-08-23 10:00,0.075,2002-06-29 11:00,,,,,0.075,0.072,0.065,0.06,0.052,0.044,0.031,Socorro Hueco,320 Old Hueco Tanks Road,Texas,El Paso,Socorro,21340,"El Paso, TX",2022-01-20
48,141,0058,44201,1,31.893913,-106.425827,WGS84,Ozone,W,8-HR RUN AVG BEGIN HOUR,Ozone 8-hour 2015,Daily maximum of 8-hour running average,,2002,Parts per million,No Events,6071,97.0,Y,353,365,0,0,12,12,Certified,0.048878,0.012485,0.092,2002-06-29 11:00,0.09,2002-08-03 10:00,0.085,2002-07-17 11:00,0.082,2002-05-29 11:00,,,,,0.082,0.075,0.067,0.064,0.057,0.048,0.033,Skyline Park,5050A Yvette Drive,Texas,El Paso,El Paso,21340,"El Paso, TX",2022-01-20
48,167,0014,44201,1,29.263319,-94.856568,WGS84,Ozone,W,8-HR RUN AVG BEGIN HOUR,Ozone 8-hour 2015,Daily maximum of 8-hour running average,,2002,Parts per million,No Events,5847,93.0,Y,338,365,0,0,21,21,Certified,0.03876,0.016742,0.099,2002-09-20 12:00,0.096,2002-09-14 09:00,0.095,2002-06-23 09:00,0.093,2002-08-03 10:00,,,,,0.093,0.079,0.073,0.064,0.047,0.035,0.021,GALVESTON ISLAND,8715 CESSNA STREET,Texas,Galveston,Galveston,26420,"Houston-The Woodlands-Sugar Land, TX",2022-01-20
48,167,1002,44201,2,29.398611,-94.933333,WGS84,Ozone,W,8-HR RUN AVG BEGIN HOUR,Ozone 8-hour 2015,Daily maximum of 8-hour running average,,2002,Parts per million,No Events,6149,99.0,Y,360,365,0,0,13,13,Certified,0.031333,0.016393,0.09,2002-07-06 12:00,0.089,2002-09-12 10:00,0.085,2002-09-27 10:00,0.083,2002-09-14 09:00,,,,,0.083,0.075,0.065,0.054,0.04,0.028,0.013,WEST OF 15TH AVE. N & NORTH LOGAN INTERSECTION,2701 13TH AVE NORTH AT LOGAN,Texas,Galveston,Texas City,26420,"Houston-The Woodlands-Sugar Land, TX",2022-01-20
48,183,0001,44201,2,32.378696,-94.711813,NAD83,Ozone,W,8-HR RUN AVG BEGIN HOUR,Ozone 8-hour 2015,Daily maximum of 8-hour running average,,2002,Parts per million,No Events,6195,100.0,Y,244,245,0,0,27,27,Certified,0.046045,0.017396,0.091,2002-09-27 10:00,0.09,2002-08-08 10:00,0.085,2002-09-11 10:00,0.084,2002-06-23 10:00,,,,,0.085,0.084,0.076,0.072,0.058,0.047,0.036,Longview,Gregg Co Airport near Longview,Texas,Gregg,Longview,30980,"Longview, TX",2022-01-20
48,201,0024,44201,2,29.901036,-95.326137,WGS84,Ozone,W,8-HR RUN AVG BEGIN HOUR,Ozone 8-hour 2015,Daily maximum of 8-hour running average,,2002,Parts per million,No Events,5970,95.0,Y,347,365,0,0,22,22,Certified,0.039706,0.017979,0.109,2002-09-28 10:00,0.099,2002-09-13 10:00,0.099,2002-09-14 10:00,0.096,2002-06-15 11:00,,,,,0.096,0.09,0.074,0.063,0.05,0.036,0.019,Houston Aldine,4510 1/2 Aldine Mail Rd,Texas,Harris,Houston,26420,"Houston-The Woodlands-Sugar Land, TX",2022-01-20
48,201,0026,44201,3,29.802707,-95.125495,WGS84,Ozone,W,8-HR RUN AVG BEGIN HOUR,Ozone 8-hour 2015,Daily maximum of 8-hour running average,,2002,Parts per million,No Events,6140,98.0,Y,359,365,0,0,16,16,Certified,0.036365,0.017272,0.113,2002-09-14 10:00,0.103,2002-08-02 12:00,0.092,2002-09-28 09:00,0.089,2002-09-13 11:00,,,,,0.089,0.083,0.068,0.058,0.045,0.034,0.016,Channelview,1405 Sheldon Road,Texas,Harris,Channelview,26420,"Houston-The Woodlands-Sugar Land, TX",2022-01-20
48,201,0029,44201,2,30.039524,-95.673951,WGS84,Ozone,W,8-HR RUN AVG BEGIN HOUR,Ozone 8-hour 2015,Daily maximum of 8-hour running average,,2002,Parts per million,No Events,5812,92.0,Y,337,365,0,0,22,22,Certified,0.041561,0.017249,0.123,2002-09-28 11:00,0.103,2002-04-12 11:00,0.1,2002-08-09 11:00,0.098,2002-06-12 11:00,,,,,0.098,0.088,0.073,0.064,0.05,0.039,0.023,Northwest Harris County,16822 Kitzman,Texas,Harris,Tomball,26420,"Houston-The Woodlands-Sugar Land, TX",2022-01-20
48,201,0046,44201,1,29.828086,-95.284096,WGS84,Ozone,W,8-HR RUN AVG BEGIN HOUR,Ozone 8-hour 2015,Daily maximum of 8-hour running average,,2002,Parts per million,No Events,6165,99.0,Y,362,365,0,0,10,10,Uncertified (past due),0.033141,0.016237,0.098,2002-09-28 10:00,0.087,2002-09-14 11:00,0.082,2002-09-13 10:00,0.078,2002-08-02 12:00,,,,,0.078,0.074,0.064,0.058,0.042,0.029,0.015,Houston North Wayside,7330 1/2 North Wayside,Texas,Harris,Houston,26420,"Houston-The Woodlands-Sugar Land, TX",2022-01-20
48,201,0047,44201,2,29.834167,-95.489167,WGS84,Ozone,W,8-HR RUN AVG BEGIN HOUR,Ozone 8-hour 2015,Daily maximum of 8-hour running average,,2002,Parts per million,No Events,6125,97.0,Y,355,365,0,0,5,5,Uncertified (past due),0.027259,0.015016,0.09,2002-09-28 10:00,0.088,2002-04-12 11:00,0.086,2002-09-13 10:00,0.072,2002-06-12 10:00,,,,,0.072,0.067,0.057,0.048,0.034,0.024,0.011,Lang,4401 1/2 Lang Rd,Texas,Harris,Houston,26420,"Houston-The Woodlands-Sugar Land, TX",2022-01-20
48,201,0051,44201,2,29.623889,-95.474167,WGS84,Ozone,W,8-HR RUN AVG BEGIN HOUR,Ozone 8-hour 2015,Daily maximum of 8-hour running average,,2002,Parts per million,No Events,6151,99.0,Y,360,365,0,0,30,30,Requested but denied,0.038519,0.019565,0.115,2002-06-15 10:00,0.108,2002-06-18 10:00,0.106,2002-09-13 11:00,0.101,2002-09-12 10:00,,,,,0.101,0.087,0.079,0.067,0.048,0.034,0.018,Houston Croquet,13826 1/2 Croquet,Texas,Harris,Houston,26420,"Houston-The Woodlands-Sugar Land, TX",2022-01-20
48,201,0055,44201,1,29.695729,-95.499219,WGS84,Ozone,W,8-HR RUN AVG BEGIN HOUR,Ozone 8-hour 2015,Daily maximum of 8-hour running average,,2002,Parts per million,No Events,6140,98.0,Y,358,365,0,0,34,34,Certified,0.039777,0.020345,0.123,2002-09-13 11:00,0.108,2002-06-18 10:00,0.097,2002-06-15 11:00,0.094,2002-09-12 10:00,,,,,0.094,0.088,0.082,0.07,0.049,0.036,0.019,Houston Bayland Park,6400 Bissonnet Street,Texas,Harris,Houston,26420,"Houston-The Woodlands-Sugar Land, TX",2022-01-20
48,201,0062,44201,1,29.625556,-95.267222,WGS84,Ozone,W,8-HR RUN AVG BEGIN HOUR,Ozone 8-hour 2015,Daily maximum of 8-hour running average,,2002,Parts per million,No Events,6161,99.0,Y,362,365,0,0,18,18,Uncertified (past due),0.03426,0.018079,0.121,2002-09-13 10:00,0.118,2002-06-15 09:00,0.109,2002-09-12 09:00,0.095,2002-08-28 10:00,,,,,0.095,0.083,0.07,0.06,0.041,0.03,0.017,Houston Monroe,9726 1/2 Monroe,Texas,Harris,Houston,26420,"Houston-The Woodlands-Sugar Land, TX",2022-01-20
48,201,0066,44201,1,29.723333,-95.635833,WGS84,Ozone,W,8-HR RUN AVG BEGIN HOUR,Ozone 8-hour 2015,Daily maximum of 8-hour running average,,2002,Parts per million,No Events,6005,96.0,Y,350,365,0,0,15,15,Uncertified (past due),0.034414,0.017227,0.099,2002-06-18 11:00,0.09,2002-04-10 11:00,0.085,2002-06-07 09:00,0.084,2002-09-13 10:00,,,,,0.084,0.078,0.068,0.061,0.043,0.031,0.016,Houston Westhollow,3333 1/2 Hwy 6 South,Texas,Harris,Houston,26420,"Houston-The Woodlands-Sugar Land, TX",2022-01-20
48,201,0070,44201,1,29.735129,-95.315583,WGS84,Ozone,W,8-HR RUN AVG BEGIN HOUR,Ozone 8-hour 2015,Daily maximum of 8-hour running average,,2002,Parts per million,No Events,6102,97.0,Y,355,365,0,0,17,17,Certified,0.034223,0.018843,0.144,2002-09-13 10:00,0.095,2002-06-15 10:00,0.09,2002-09-14 10:00,0.088,2002-06-18 09:00,,,,,0.088,0.078,0.07,0.062,0.042,0.03,0.014,HOUSTON REGIONAL OFFICE,"5425 POLK AVE., SUITE H",Texas,Harris,Houston,26420,"Houston-The Woodlands-Sugar Land, TX",2022-01-20
48,201,1034,44201,2,29.767997,-95.220582,WGS84,Ozone,W,8-HR RUN AVG BEGIN HOUR,Ozone 8-hour 2015,Daily maximum of 8-hour running average,,2002,Parts per million,No Events,6189,99.0,Y,363,365,0,0,16,16,Certified,0.033879,0.018969,0.103,2002-09-28 10:00,0.102,2002-09-13 10:00,0.096,2002-08-02 12:00,0.093,2002-09-14 10:00,,,,,0.093,0.08,0.069,0.061,0.046,0.031,0.013,Houston East,1262 1/2 Mae Drive,Texas,Harris,Houston,26420,"Houston-The Woodlands-Sugar Land, TX",2022-01-20
48,201,1035,44201,3,29.733726,-95.257593,WGS84,Ozone,W,8-HR RUN AVG BEGIN HOUR,Ozone 8-hour 2015,Daily maximum of 8-hour running average,,2002,Parts per million,No Events,6140,98.0,Y,356,365,0,0,20,20,Uncertified (past due),0.033809,0.01866,0.122,2002-09-13 10:00,0.093,2002-06-15 11:00,0.093,2002-09-12 10:00,0.092,2002-06-18 09:00,,,,,0.092,0.078,0.072,0.06,0.043,0.03,0.015,Clinton,9525 1/2 Clinton Dr,Texas,Harris,Houston,26420,"Houston-The Woodlands-Sugar Land, TX",2022-01-20
48,201,1039,44201,1,29.670025,-95.128508,WGS84,Ozone,W,8-HR RUN AVG BEGIN HOUR,Ozone 8-hour 2015,Daily maximum of 8-hour running average,,2002,Parts per million,No Events,6172,99.0,Y,360,365,0,0,25,25,Certified,0.039275,0.018622,0.118,2002-09-13 09:00,0.114,2002-06-15 11:00,0.096,2002-09-14 10:00,0.095,2002-09-12 09:00,,,,,0.095,0.086,0.077,0.065,0.048,0.036,0.02,Houston Deer Park #2,4514 1/2 Durant Street,Texas,Harris,Deer Park,26420,"Houston-The Woodlands-Sugar Land, TX",2022-01-20
48,201,1041,44201,1,29.751667,-95.083611,WGS84,Ozone,W,8-HR RUN AVG BEGIN HOUR,Ozone 8-hour 2015,Daily maximum of 8-hour running average,,2002,Parts per million,No Events,2567,41.0,N,149,365,0,0,6,6,Certified,0.035893,0.019925,0.121,2002-09-14 11:00,0.106,2002-08-02 12:00,0.094,2002-09-12 09:00,0.09,2002-09-13 09:00,,,,,0.106,0.094,0.07,0.064,0.044,0.03,0.017,EAST OF BATTLEGROUND RD. & MARKER DR. INTERSECTION,3824 1/2 BATTLEGROUND,Texas,Harris,La Porte,26420,"Houston-The Woodlands-Sugar Land, TX",2022-01-20
48,201,1050,44201,1,29.583047,-95.015544,WGS84,Ozone,W,8-HR RUN AVG BEGIN HOUR,Ozone 8-hour 2015,Daily maximum of 8-hour running average,,2002,Parts per million,No Events,6121,98.0,Y,357,365,0,0,11,11,Certified,0.035403,0.015799,0.109,2002-09-14 10:00,0.099,2002-07-06 10:00,0.097,2002-08-06 11:00,0.094,2002-09-27 09:00,,,,,0.094,0.074,0.066,0.057,0.043,0.032,0.019,Seabrook Friendship Park,4522 Park Rd,Texas,Harris,Seabrook,26420,"Houston-The Woodlands-Sugar Land, TX",2022-01-20
48,203,0002,44201,1,32.669001,-94.167468,NAD83,Ozone,W,8-HR RUN AVG BEGIN HOUR,Ozone 8-hour 2015,Daily maximum of 8-hour running average,,2002,Parts per million,No Events,6161,99.0,Y,242,245,0,0,32,32,Certified,0.051715,0.017018,0.09,2002-09-14 10:00,0.088,2002-08-10 10:00,0.088,2002-08-29 10:00,0.088,2002-09-11 10:00,,,,,0.088,0.086,0.081,0.073,0.064,0.053,0.039,Karnack,Hwy 134 & Spur 449,Texas,Harrison,,32220,"Marshall, TX",2022-01-20
48,215,0042,44201,1,26.309858,-98.183101,WGS84,Ozone,W,8-HR RUN AVG BEGIN HOUR,Ozone 8-hour 2015,Daily maximum of 8-hour running average,,2002,Parts per million,No Events,5984,95.0,Y,348,365,0,0,2,2,Certified,0.033868,0.01236,0.089,2002-09-13 10:00,0.071,2002-09-22 09:00,0.07,2002-08-30 09:00,0.068,2002-05-20 10:00,,,,,0.068,0.064,0.059,0.051,0.041,0.032,0.02,Edinburg,1902 WEST SCHUNIOR,Texas,Hidalgo,Edinburg,32580,"McAllen-Edinburg-Mission, TX",2022-01-20
48,215,0043,44201,1,26.226343,-98.29085,WGS84,Ozone,W,8-HR RUN AVG BEGIN HOUR,Ozone 8-hour 2015,Daily maximum of 8-hour running average,,2002,Parts per million,No Events,6044,96.0,Y,350,365,0,0,4,4,Certified,0.03774,0.012446,0.089,2002-09-13 10:00,0.078,2002-08-30 09:00,0.076,2002-04-01 10:00,0.074,2002-05-31 12:00,,,,,0.074,0.069,0.061,0.053,0.045,0.037,0.022,Mission,2300 North Glasscock,Texas,Hidalgo,Mission,32580,"McAllen-Edinburg-Mission, TX",2022-01-20
48,221,0001,44201,1,32.442304,-97.803529,WGS84,Ozone,W,8-HR RUN AVG BEGIN HOUR,Ozone 8-hour 2015,Daily maximum of 8-hour running average,,2002,Parts per million,No Events,6179,99.0,Y,242,245,0,0,19,19,Certified,0.044223,0.016237,0.087,2002-09-11 11:00,0.085,2002-05-21 14:00,0.085,2002-08-07 13:00,0.085,2002-08-08 12:00,,,,,0.085,0.081,0.075,0.067,0.055,0.044,0.036,Granbury,200 N Gordon Street,Texas,Hood,Granbury,19100,"Dallas-Fort Worth-Arlington, TX",2022-01-20
48,245,0009,44201,2,30.036422,-94.071061,WGS84,Ozone,W,8-HR RUN AVG BEGIN HOUR,Ozone 8-hour 2015,Daily maximum of 8-hour running average,,2002,Parts per million,No Events,6064,96.0,Y,351,365,0,0,12,12,Certified,0.03461,0.015067,0.083,2002-09-14 09:00,0.082,2002-09-12 10:00,0.081,2002-08-03 10:00,0.075,2002-05-22 11:00,,,,,0.075,0.073,0.066,0.057,0.041,0.032,0.018,Beaumont Downtown,1086 Vermont Avenue,Texas,Jefferson,Beaumont,13140,"Beaumont-Port Arthur, TX",2022-01-20
48,245,0011,44201,1,29.897516,-93.991084,WGS84,Ozone,W,8-HR RUN AVG BEGIN HOUR,Ozone 8-hour 2015,Daily maximum of 8-hour running average,,2002,Parts per million,No Events,6129,99.0,Y,360,365,0,0,9,9,Certified,0.035103,0.014466,0.087,2002-09-12 09:00,0.081,2002-09-14 09:00,0.075,2002-09-27 10:00,0.074,2002-09-11 10:00,,,,,0.074,0.073,0.063,0.055,0.044,0.033,0.019,Port Arthur West,623 Ellias Street,Texas,Jefferson,Port Arthur,13140,"Beaumont-Port Arthur, TX",2022-01-20
48,245,0022,44201,1,29.863957,-94.317802,WGS84,Ozone,W,8-HR RUN AVG BEGIN HOUR,Ozone 8-hour 2015,Daily maximum of 8-hour running average,,2002,Parts per million,No Events,6172,99.0,Y,362,365,0,0,4,4,Certified,0.036022,0.014142,0.083,2002-09-12 09:00,0.075,2002-10-17 10:00,0.071,2002-09-11 10:00,0.071,2002-09-28 09:00,,,,,0.071,0.069,0.063,0.056,0.045,0.035,0.019,Hamshire,12552 Second St,Texas,Jefferson,,13140,"Beaumont-Port Arthur, TX",2022-01-20
48,245,0101,44201,1,29.727931,-93.894081,NAD83,Ozone,W,8-HR RUN AVG BEGIN HOUR,Ozone 8-hour 2015,Daily maximum of 8-hour running average,,2002,Parts per million,No Events,5988,96.0,Y,350,365,0,0,30,30,Uncertified (past due),0.041943,0.018296,0.121,2002-09-14 14:00,0.116,2002-07-12 10:00,0.095,2002-09-11 11:00,0.095,2002-09-12 10:00,,,,,0.095,0.092,0.076,0.068,0.05,0.039,0.021,SETRPC  40  Sabine Pass,5200 Mechanic,Texas,Jefferson,,13140,"Beaumont-Port Arthur, TX",2022-01-20
48,245,0102,44201,1,29.9425,-94.000556,WGS84,Ozone,W,8-HR RUN AVG BEGIN HOUR,Ozone 8-hour 2015,Daily maximum of 8-hour running average,,2002,Parts per million,No Events,6126,98.0,Y,356,365,0,0,17,17,Uncertified (past due),0.038801,0.016458,0.091,2002-09-12 09:00,0.087,2002-09-14 09:00,0.085,2002-05-22 10:00,0.082,2002-06-22 10:00,,,,,0.082,0.077,0.07,0.063,0.047,0.037,0.02,SETRPC 43 Jefferson Co Airport,Jefferson County Airport,Texas,Jefferson,Port Arthur,13140,"Beaumont-Port Arthur, TX",2022-01-20
48,251,0003,44201,1,32.353595,-97.436742,WGS84,Ozone,W,8-HR RUN AVG BEGIN HOUR,Ozone 8-hour 2015,Daily maximum of 8-hour running average,,2002,Parts per million,No Events,6178,100.0,Y,244,245,0,0,32,32,Certified,0.04891,0.018488,0.114,2002-07-08 12:00,0.105,2002-09-11 11:00,0.094,2002-08-07 11:00,0.092,2002-08-09 10:00,,,,,0.094,0.09,0.083,0.076,0.061,0.049,0.038,Cleburne Airport,1650 Airport Drive,Texas,Johnson,Cleburne,19100,"Dallas-Fort Worth-Arlington, TX",2022-01-20
48,257,0005,44201,1,32.564968,-96.317687,WGS84,Ozone,W,8-HR RUN AVG BEGIN HOUR,Ozone 8-hour 2015,Daily maximum of 8-hour running average,,2002,Parts per million,No Events,6168,99.0,Y,242,245,0,0,9,9,Certified,0.042322,0.014736,0.081,2002-09-14 10:00,0.079,2002-06-22 11:00,0.078,2002-09-27 10:00,0.077,2002-06-23 10:00,,,,,0.078,0.075,0.066,0.062,0.054,0.043,0.034,Kaufman,3790 S Houston St,Texas,Kaufman,Kaufman,19100,"Dallas-Fort Worth-Arlington, TX",2022-01-20
48,339,0078,44201,1,30.350302,-95.425128,WGS84,Ozone,W,8-HR RUN AVG BEGIN HOUR,Ozone 8-hour 2015,Daily maximum of 8-hour running average,,2002,Parts per million,No Events,6023,95.0,Y,347,365,0,0,17,17,Certified,0.042965,0.015848,0.108,2002-09-30 12:00,0.1,2002-06-13 12:00,0.089,2002-10-17 10:00,0.082,2002-09-13 10:00,,,,,0.082,0.077,0.07,0.064,0.052,0.042,0.024,Conroe Relocated,9472A Hwy 1484,Texas,Montgomery,Conroe,26420,"Houston-The Woodlands-Sugar Land, TX",2022-01-20
48,355,0025,44201,2,27.76534,-97.434262,WGS84,Ozone,W,8-HR RUN AVG BEGIN HOUR,Ozone 8-hour 2015,Daily maximum of 8-hour running average,,2002,Parts per million,No Events,6087,97.0,Y,354,365,0,0,14,14,Certified,0.037387,0.015999,0.1,2002-09-12 11:00,0.096,2002-09-13 11:00,0.087,2002-08-30 10:00,0.084,2002-06-17 21:00,,,,,0.084,0.078,0.067,0.06,0.048,0.034,0.02,Corpus Christi West,902 Airport Road,Texas,Nueces,Corpus Christi,18580,"Corpus Christi, TX",2022-01-20
48,355,0026,44201,1,27.832413,-97.555387,NAD83,Ozone,W,8-HR RUN AVG BEGIN HOUR,Ozone 8-hour 2015,Daily maximum of 8-hour running average,,2002,Parts per million,No Events,6134,98.0,Y,359,365,0,0,10,10,Certified,0.037593,0.014761,0.094,2002-09-12 10:00,0.091,2002-09-13 11:00,0.081,2002-08-30 10:00,0.078,2002-08-29 10:00,,,,,0.078,0.073,0.066,0.056,0.047,0.035,0.021,Corpus Christi Tuloso,9860 La Branch,Texas,Nueces,Corpus Christi,18580,"Corpus Christi, TX",2022-01-20
48,361,1001,44201,2,30.085263,-93.761341,WGS84,Ozone,W,8-HR RUN AVG BEGIN HOUR,Ozone 8-hour 2015,Daily maximum of 8-hour running average,,2002,Parts per million,No Events,6181,99.0,Y,362,365,0,0,23,23,Certified,0.041837,0.016051,0.094,2002-09-14 10:00,0.091,2002-09-12 09:00,0.087,2002-07-24 11:00,0.085,2002-05-22 11:00,,,,,0.085,0.079,0.072,0.064,0.05,0.04,0.024,West Orange,2700 Austin Ave,Texas,Orange,West Orange,13140,"Beaumont-Port Arthur, TX",2022-01-20
48,361,1100,44201,1,30.194167,-93.866944,WGS84,Ozone,W,8-HR RUN AVG BEGIN HOUR,Ozone 8-hour 2015,Daily maximum of 8-hour running average,,2002,Parts per million,No Events,6128,98.0,Y,356,365,0,0,0,0,Uncertified (past due),0.032275,0.01334,0.07,2002-05-21 10:00,0.07,2002-05-22 09:00,0.07,2002-08-10 10:00,0.07,2002-10-17 10:00,,,,,0.07,0.063,0.058,0.052,0.041,0.031,0.017,,INTERSECTION OF TX HWYS 62 AND 12,Texas,Orange,West Orange,13140,"Beaumont-Port Arthur, TX",2022-01-20
48,367,0081,44201,1,32.868773,-97.905931,WGS84,Ozone,W,8-HR RUN AVG BEGIN HOUR,Ozone 8-hour 2015,Daily maximum of 8-hour running average,,2002,Parts per million,No Events,6129,98.0,Y,241,245,0,0,31,31,Certified,0.048863,0.018846,0.108,2002-08-09 12:00,0.094,2002-06-24 13:00,0.094,2002-08-29 13:00,0.092,2002-08-08 11:00,,,,,0.094,0.092,0.088,0.073,0.061,0.047,0.038,Parker County,3033 New Authon Rd,Texas,Parker,Weatherford,19100,"Dallas-Fort Worth-Arlington, TX",2022-01-20
48,397,0001,44201,1,32.936523,-96.459211,WGS84,Ozone,W,8-HR RUN AVG BEGIN HOUR,Ozone 8-hour 2015,Daily maximum of 8-hour running average,,2002,Parts per million,No Events,6200,100.0,Y,245,245,0,0,20,20,Certified,0.046098,0.016351,0.096,2002-09-14 11:00,0.087,2002-06-23 10:00,0.086,2002-08-09 11:00,0.082,2002-09-27 11:00,,,,,0.086,0.081,0.074,0.068,0.059,0.045,0.035,Rockwall Heath,100 E Heath St,Texas,Rockwall,Rockwall,19100,"Dallas-Fort Worth-Arlington, TX",2022-01-20
48,423,0007,44201,1,32.344027,-95.415754,NAD83,Ozone,W,8-HR RUN AVG BEGIN HOUR,Ozone 8-hour 2015,Daily maximum of 8-hour running average,,2002,Parts per million,No Events,6166,99.0,Y,243,245,0,0,20,20,Certified,0.047148,0.016697,0.09,2002-06-22 10:00,0.087,2002-09-11 10:00,0.086,2002-09-14 10:00,0.084,2002-08-08 12:00,,,,,0.086,0.08,0.073,0.069,0.059,0.049,0.038,Tyler Airport Relocated,14790 County Road 1145,Texas,Smith,Tyler,46340,"Tyler, TX",2022-01-20
48,439,0075,44201,1,32.987891,-97.477175,WGS84,Ozone,W,8-HR RUN AVG BEGIN HOUR,Ozone 8-hour 2015,Daily maximum of 8-hour running average,,2002,Parts per million,No Events,6068,96.0,Y,236,245,0,0,50,50,Certified,0.052784,0.021772,0.123,2002-08-09 12:00,0.122,2002-06-24 12:00,0.113,2002-07-09 11:00,0.1,2002-06-23 11:00,,,,,0.113,0.099,0.094,0.085,0.067,0.05,0.04,Eagle Mountain Lake,14290 Morris Dido Newark Rd,Texas,Tarrant,Eagle Mountain,19100,"Dallas-Fort Worth-Arlington, TX",2022-01-20
48,439,1002,44201,2,32.80581,-97.356529,NAD83,Ozone,W,8-HR RUN AVG BEGIN HOUR,Ozone 8-hour 2015,Daily maximum of 8-hour running average,,2002,Parts per million,No Events,6189,99.0,Y,243,245,0,0,34,34,Certified,0.04542,0.021379,0.113,2002-08-09 12:00,0.112,2002-06-24 12:00,0.106,2002-08-07 11:00,0.096,2002-07-09 10:00,,,,,0.106,0.095,0.084,0.075,0.057,0.044,0.033,Fort Worth Northwest,3317 Ross Ave,Texas,Tarrant,Fort Worth,19100,"Dallas-Fort Worth-Arlington, TX",2022-01-20
48,439,2003,44201,2,32.922492,-97.282099,NAD83,Ozone,W,8-HR RUN AVG BEGIN HOUR,Ozone 8-hour 2015,Daily maximum of 8-hour running average,,2002,Parts per million,No Events,6143,98.0,Y,240,245,0,0,46,46,Certified,0.05215,0.021532,0.125,2002-08-09 12:00,0.122,2002-06-24 11:00,0.11,2002-07-09 10:00,0.106,2002-06-23 11:00,,,,,0.11,0.098,0.091,0.082,0.066,0.05,0.038,Keller,FAA Site off Alta Vista Road,Texas,Tarrant,Fort Worth,19100,"Dallas-Fort Worth-Arlington, TX",2022-01-20
48,439,3009,44201,1,32.98426,-97.063721,WGS84,Ozone,W,8-HR RUN AVG BEGIN HOUR,Ozone 8-hour 2015,Daily maximum of 8-hour running average,,2002,Parts per million,No Events,6134,99.0,Y,242,245,0,0,36,36,Certified,0.048835,0.020334,0.127,2002-08-09 12:00,0.111,2002-06-24 11:00,0.109,2002-06-23 11:00,0.109,2002-07-09 10:00,,,,,0.109,0.096,0.084,0.077,0.06,0.047,0.036,Grapevine Fairway,4100 Fairway Dr,Texas,Tarrant,Grapevine,19100,"Dallas-Fort Worth-Arlington, TX",2022-01-20
48,439,3011,44201,1,32.65637,-97.088598,NAD83,Ozone,W,8-HR RUN AVG BEGIN HOUR,Ozone 8-hour 2015,Daily maximum of 8-hour running average,,2002,Parts per million,No Events,5719,96.0,Y,235,245,0,0,30,30,Certified,0.04577,0.01941,0.101,2002-07-08 10:00,0.101,2002-08-07 10:00,0.094,2002-06-23 10:00,0.092,2002-06-24 11:00,,,,,0.094,0.092,0.079,0.073,0.058,0.045,0.033,Arlington Municipal Airport,5504 South Collins Street,Texas,Tarrant,Arlington,19100,"Dallas-Fort Worth-Arlington, TX",2022-01-20
48,453,0014,44201,2,30.354944,-97.761803,NAD83,Ozone,W,8-HR RUN AVG BEGIN HOUR,Ozone 8-hour 2015,Daily maximum of 8-hour running average,,2002,Parts per million,No Events,6194,100.0,Y,245,245,0,0,16,16,Certified,0.042665,0.017546,0.1,2002-06-24 11:00,0.096,2002-09-13 10:00,0.092,2002-06-23 10:00,0.091,2002-09-14 10:00,,,,,0.092,0.087,0.072,0.067,0.054,0.043,0.033,Austin North Hills Drive,3824 North Hills Drive,Texas,Travis,Austin,12420,"Austin-Round Rock, TX",2022-01-20
48,453,0020,44201,1,30.483163,-97.875084,NAD83,Ozone,W,8-HR RUN AVG BEGIN HOUR,Ozone 8-hour 2015,Daily maximum of 8-hour running average,,2002,Parts per million,No Events,6169,98.0,Y,241,245,0,0,9,9,Certified,0.041456,0.015444,0.082,2002-06-24 11:00,0.081,2002-06-18 10:00,0.081,2002-06-23 11:00,0.081,2002-09-14 10:00,,,,,0.081,0.08,0.068,0.064,0.051,0.044,0.034,Austin Audubon Society,12200 Lime Creek Rd,Texas,Travis,Leander,12420,"Austin-Round Rock, TX",2022-01-20
